from_station,to_station,time_minutes
Abbey Wood Station,Acton Main Line Station,35
Abbey Wood Station,Bond Street Station,25
Abbey Wood Station,Brentwood Station,49
Abbey Wood Station,Burnham Station,61
Abbey Wood Station,Canary Wharf Station,11
Abbey Wood Station,Chadwell Heath Station,36
Abbey Wood Station,Custom House Station,7
Abbey Wood Station,Ealing Broadway Station,36
Abbey Wood Station,Farringdon Station,20
Abbey Wood Station,Forest Gate Station,24
Abbey Wood Station,Gidea Park,42
Abbey Wood Station,Goodmayes Station,34
Abbey Wood Station,Hanwell Station,42
Abbey Wood Station,Harold Wood Station,45
Abbey Wood Station,Hayes & Harlington Station,45
Abbey Wood Station,Heathrow Central,51
Abbey Wood Station,Heathrow T4,59
Abbey Wood Station,Heathrow T5,59
Abbey Wood Station,Ilford Station,29
Abbey Wood Station,Iver Station,51
Abbey Wood Station,Langley Station,54
Abbey Wood Station,Liverpool Street Station,17
Abbey Wood Station,Maidenhead Station,66
Abbey Wood Station,Manor Park Station,26
Abbey Wood Station,Maryland Station,22
Abbey Wood Station,Paddington Station,28
Abbey Wood Station,Reading Station,79
Abbey Wood Station,Romford Station,39
Abbey Wood Station,Seven Kings Station,32
Abbey Wood Station,Shenfield Station,54
Abbey Wood Station,Slough Station,57
Abbey Wood Station,Southall Station,42
Abbey Wood Station,Stratford Station,20
Abbey Wood Station,Taplow Station,63
Abbey Wood Station,Tottenham Court Road,23
Abbey Wood Station,Twyford Station,73
Abbey Wood Station,West Drayton Station,49
Abbey Wood Station,West Ealing Station,40
Abbey Wood Station,Whitechapel Station,15
Abbey Wood Station,Woolwich Station,3
Acton Main Line Station,Abbey Wood Station,36
Acton Main Line Station,Bond Street Station,9
Acton Main Line Station,Brentwood Station,55
Acton Main Line Station,Burnham Station,26
Acton Main Line Station,Canary Wharf Station,23
Acton Main Line Station,Chadwell Heath Station,41
Acton Main Line Station,Custom House Station,27
Acton Main Line Station,Ealing Broadway Station,2
Acton Main Line Station,Farringdon Station,14
Acton Main Line Station,Forest Gate Station,29
Acton Main Line Station,Gidea Park,48
Acton Main Line Station,Goodmayes Station,39
Acton Main Line Station,Hanwell Station,7
Acton Main Line Station,Harold Wood Station,51
Acton Main Line Station,Hayes & Harlington Station,13
Acton Main Line Station,Heathrow Central,18
Acton Main Line Station,Heathrow T4,24
Acton Main Line Station,Heathrow T5,26
Acton Main Line Station,Ilford Station,34
Acton Main Line Station,Iver Station,18
Acton Main Line Station,Langley Station,19
Acton Main Line Station,Liverpool Street Station,16
Acton Main Line Station,Maidenhead Station,31
Acton Main Line Station,Manor Park Station,32
Acton Main Line Station,Maryland Station,27
Acton Main Line Station,Paddington Station,6
Acton Main Line Station,Reading Station,46
Acton Main Line Station,Romford Station,45
Acton Main Line Station,Seven Kings Station,37
Acton Main Line Station,Shenfield Station,60
Acton Main Line Station,Slough Station,22
Acton Main Line Station,Southall Station,10
Acton Main Line Station,Stratford Station,25
Acton Main Line Station,Taplow Station,30
Acton Main Line Station,Tottenham Court Road,11
Acton Main Line Station,Twyford Station,40
Acton Main Line Station,West Drayton Station,16
Acton Main Line Station,West Ealing Station,5
Acton Main Line Station,Whitechapel Station,19
Acton Main Line Station,Woolwich Station,31
Bond Street Station,Abbey Wood Station,26
Bond Street Station,Acton Main Line Station,10
Bond Street Station,Brentwood Station,45
Bond Street Station,Burnham Station,34
Bond Street Station,Canary Wharf Station,13
Bond Street Station,Chadwell Heath Station,31
Bond Street Station,Custom House Station,17
Bond Street Station,Ealing Broadway Station,11
Bond Street Station,Farringdon Station,4
Bond Street Station,Forest Gate Station,19
Bond Street Station,Gidea Park,38
Bond Street Station,Goodmayes Station,29
Bond Street Station,Hanwell Station,17
Bond Street Station,Harold Wood Station,41
Bond Street Station,Hayes & Harlington Station,20
Bond Street Station,Heathrow Central,26
Bond Street Station,Heathrow T4,34
Bond Street Station,Heathrow T5,34
Bond Street Station,Ilford Station,24
Bond Street Station,Iver Station,26
Bond Street Station,Langley Station,27
Bond Street Station,Liverpool Street Station,7
Bond Street Station,Maidenhead Station,39
Bond Street Station,Manor Park Station,22
Bond Street Station,Maryland Station,17
Bond Street Station,Paddington Station,3
Bond Street Station,Reading Station,54
Bond Street Station,Romford Station,35
Bond Street Station,Seven Kings Station,27
Bond Street Station,Shenfield Station,50
Bond Street Station,Slough Station,30
Bond Street Station,Southall Station,17
Bond Street Station,Stratford Station,15
Bond Street Station,Taplow Station,38
Bond Street Station,Tottenham Court Road,1
Bond Street Station,Twyford Station,48
Bond Street Station,West Drayton Station,23
Bond Street Station,West Ealing Station,15
Bond Street Station,Whitechapel Station,10
Bond Street Station,Woolwich Station,21
Brentwood Station,Abbey Wood Station,50
Brentwood Station,Acton Main Line Station,55
Brentwood Station,Bond Street Station,45
Brentwood Station,Burnham Station,79
Brentwood Station,Canary Wharf Station,38
Brentwood Station,Chadwell Heath Station,13
Brentwood Station,Custom House Station,42
Brentwood Station,Ealing Broadway Station,56
Brentwood Station,Farringdon Station,40
Brentwood Station,Forest Gate Station,25
Brentwood Station,Gidea Park,7
Brentwood Station,Goodmayes Station,15
Brentwood Station,Hanwell Station,62
Brentwood Station,Harold Wood Station,4
Brentwood Station,Hayes & Harlington Station,65
Brentwood Station,Heathrow Central,74
Brentwood Station,Heathrow T4,79
Brentwood Station,Heathrow T5,78
Brentwood Station,Ilford Station,20
Brentwood Station,Iver Station,70
Brentwood Station,Langley Station,72
Brentwood Station,Liverpool Street Station,37
Brentwood Station,Maidenhead Station,84
Brentwood Station,Manor Park Station,23
Brentwood Station,Maryland Station,27
Brentwood Station,Paddington Station,48
Brentwood Station,Reading Station,98
Brentwood Station,Romford Station,9
Brentwood Station,Seven Kings Station,17
Brentwood Station,Shenfield Station,5
Brentwood Station,Slough Station,75
Brentwood Station,Southall Station,62
Brentwood Station,Stratford Station,29
Brentwood Station,Taplow Station,82
Brentwood Station,Tottenham Court Road,43
Brentwood Station,Twyford Station,92
Brentwood Station,West Drayton Station,69
Brentwood Station,West Ealing Station,60
Brentwood Station,Whitechapel Station,35
Brentwood Station,Woolwich Station,46
Burnham Station,Abbey Wood Station,62
Burnham Station,Acton Main Line Station,28
Burnham Station,Bond Street Station,35
Burnham Station,Brentwood Station,80
Burnham Station,Canary Wharf Station,49
Burnham Station,Chadwell Heath Station,67
Burnham Station,Custom House Station,53
Burnham Station,Ealing Broadway Station,23
Burnham Station,Farringdon Station,40
Burnham Station,Forest Gate Station,55
Burnham Station,Gidea Park,73
Burnham Station,Goodmayes Station,65
Burnham Station,Hanwell Station,20
Burnham Station,Harold Wood Station,76
Burnham Station,Hayes & Harlington Station,14
Burnham Station,Heathrow Central,19
Burnham Station,Heathrow T4,25
Burnham Station,Heathrow T5,27
Burnham Station,Ilford Station,60
Burnham Station,Iver Station,9
Burnham Station,Langley Station,6
Burnham Station,Liverpool Street Station,42
Burnham Station,Maidenhead Station,5
Burnham Station,Manor Park Station,57
Burnham Station,Maryland Station,53
Burnham Station,Paddington Station,31
Burnham Station,Reading Station,18
Burnham Station,Romford Station,70
Burnham Station,Seven Kings Station,63
Burnham Station,Shenfield Station,85
Burnham Station,Slough Station,3
Burnham Station,Southall Station,17
Burnham Station,Stratford Station,51
Burnham Station,Taplow Station,2
Burnham Station,Tottenham Court Road,36
Burnham Station,Twyford Station,12
Burnham Station,West Drayton Station,10
Burnham Station,West Ealing Station,22
Burnham Station,Whitechapel Station,45
Burnham Station,Woolwich Station,57
Canary Wharf Station,Abbey Wood Station,12
Canary Wharf Station,Acton Main Line Station,24
Canary Wharf Station,Bond Street Station,13
Canary Wharf Station,Brentwood Station,38
Canary Wharf Station,Burnham Station,49
Canary Wharf Station,Chadwell Heath Station,24
Canary Wharf Station,Custom House Station,3
Canary Wharf Station,Ealing Broadway Station,25
Canary Wharf Station,Farringdon Station,8
Canary Wharf Station,Forest Gate Station,12
Canary Wharf Station,Gidea Park,31
Canary Wharf Station,Goodmayes Station,22
Canary Wharf Station,Hanwell Station,31
Canary Wharf Station,Harold Wood Station,34
Canary Wharf Station,Hayes & Harlington Station,34
Canary Wharf Station,Heathrow Central,40
Canary Wharf Station,Heathrow T4,48
Canary Wharf Station,Heathrow T5,48
Canary Wharf Station,Ilford Station,17
Canary Wharf Station,Iver Station,40
Canary Wharf Station,Langley Station,42
Canary Wharf Station,Liverpool Street Station,6
Canary Wharf Station,Maidenhead Station,55
Canary Wharf Station,Manor Park Station,15
Canary Wharf Station,Maryland Station,10
Canary Wharf Station,Paddington Station,17
Canary Wharf Station,Reading Station,68
Canary Wharf Station,Romford Station,28
Canary Wharf Station,Seven Kings Station,20
Canary Wharf Station,Shenfield Station,43
Canary Wharf Station,Slough Station,45
Canary Wharf Station,Southall Station,31
Canary Wharf Station,Stratford Station,8
Canary Wharf Station,Taplow Station,51
Canary Wharf Station,Tottenham Court Road,11
Canary Wharf Station,Twyford Station,62
Canary Wharf Station,West Drayton Station,37
Canary Wharf Station,West Ealing Station,29
Canary Wharf Station,Whitechapel Station,3
Canary Wharf Station,Woolwich Station,7
Chadwell Heath Station,Abbey Wood Station,37
Chadwell Heath Station,Acton Main Line Station,42
Chadwell Heath Station,Bond Street Station,31
Chadwell Heath Station,Brentwood Station,13
Chadwell Heath Station,Burnham Station,66
Chadwell Heath Station,Canary Wharf Station,24
Chadwell Heath Station,Custom House Station,28
Chadwell Heath Station,Ealing Broadway Station,43
Chadwell Heath Station,Farringdon Station,26
Chadwell Heath Station,Forest Gate Station,12
Chadwell Heath Station,Gidea Park,6
Chadwell Heath Station,Goodmayes Station,2
Chadwell Heath Station,Hanwell Station,49
Chadwell Heath Station,Harold Wood Station,9
Chadwell Heath Station,Hayes & Harlington Station,52
Chadwell Heath Station,Heathrow Central,60
Chadwell Heath Station,Heathrow T4,66
Chadwell Heath Station,Heathrow T5,65
Chadwell Heath Station,Ilford Station,6
Chadwell Heath Station,Iver Station,57
Chadwell Heath Station,Langley Station,59
Chadwell Heath Station,Liverpool Street Station,24
Chadwell Heath Station,Maidenhead Station,71
Chadwell Heath Station,Manor Park Station,9
Chadwell Heath Station,Maryland Station,14
Chadwell Heath Station,Paddington Station,35
Chadwell Heath Station,Reading Station,85
Chadwell Heath Station,Romford Station,3
Chadwell Heath Station,Seven Kings Station,4
Chadwell Heath Station,Shenfield Station,18
Chadwell Heath Station,Slough Station,62
Chadwell Heath Station,Southall Station,49
Chadwell Heath Station,Stratford Station,16
Chadwell Heath Station,Taplow Station,69
Chadwell Heath Station,Tottenham Court Road,29
Chadwell Heath Station,Twyford Station,79
Chadwell Heath Station,West Drayton Station,55
Chadwell Heath Station,West Ealing Station,47
Chadwell Heath Station,Whitechapel Station,21
Chadwell Heath Station,Woolwich Station,32
Custom House Station,Abbey Wood Station,8
Custom House Station,Acton Main Line Station,28
Custom House Station,Bond Street Station,17
Custom House Station,Brentwood Station,42
Custom House Station,Burnham Station,53
Custom House Station,Canary Wharf Station,3
Custom House Station,Chadwell Heath Station,28
Custom House Station,Ealing Broadway Station,29
Custom House Station,Farringdon Station,12
Custom House Station,Forest Gate Station,16
Custom House Station,Gidea Park,35
Custom House Station,Goodmayes Station,26
Custom House Station,Hanwell Station,35
Custom House Station,Harold Wood Station,38
Custom House Station,Hayes & Harlington Station,38
Custom House Station,Heathrow Central,44
Custom House Station,Heathrow T4,52
Custom House Station,Heathrow T5,52
Custom House Station,Ilford Station,21
Custom House Station,Iver Station,44
Custom House Station,Langley Station,46
Custom House Station,Liverpool Street Station,10
Custom House Station,Maidenhead Station,59
Custom House Station,Manor Park Station,19
Custom House Station,Maryland Station,14
Custom House Station,Paddington Station,21
Custom House Station,Reading Station,72
Custom House Station,Romford Station,32
Custom House Station,Seven Kings Station,24
Custom House Station,Shenfield Station,47
Custom House Station,Slough Station,49
Custom House Station,Southall Station,35
Custom House Station,Stratford Station,12
Custom House Station,Taplow Station,56
Custom House Station,Tottenham Court Road,15
Custom House Station,Twyford Station,66
Custom House Station,West Drayton Station,41
Custom House Station,West Ealing Station,33
Custom House Station,Whitechapel Station,7
Custom House Station,Woolwich Station,4
Ealing Broadway Station,Abbey Wood Station,38
Ealing Broadway Station,Acton Main Line Station,3
Ealing Broadway Station,Bond Street Station,11
Ealing Broadway Station,Brentwood Station,57
Ealing Broadway Station,Burnham Station,22
Ealing Broadway Station,Canary Wharf Station,25
Ealing Broadway Station,Chadwell Heath Station,43
Ealing Broadway Station,Custom House Station,29
Ealing Broadway Station,Farringdon Station,16
Ealing Broadway Station,Forest Gate Station,31
Ealing Broadway Station,Gidea Park,50
Ealing Broadway Station,Goodmayes Station,41
Ealing Broadway Station,Hanwell Station,4
Ealing Broadway Station,Harold Wood Station,53
Ealing Broadway Station,Hayes & Harlington Station,8
Ealing Broadway Station,Heathrow Central,14
Ealing Broadway Station,Heathrow T4,21
Ealing Broadway Station,Heathrow T5,22
Ealing Broadway Station,Ilford Station,36
Ealing Broadway Station,Iver Station,14
Ealing Broadway Station,Langley Station,15
Ealing Broadway Station,Liverpool Street Station,18
Ealing Broadway Station,Maidenhead Station,27
Ealing Broadway Station,Manor Park Station,34
Ealing Broadway Station,Maryland Station,29
Ealing Broadway Station,Paddington Station,8
Ealing Broadway Station,Reading Station,42
Ealing Broadway Station,Romford Station,47
Ealing Broadway Station,Seven Kings Station,39
Ealing Broadway Station,Shenfield Station,62
Ealing Broadway Station,Slough Station,18
Ealing Broadway Station,Southall Station,5
Ealing Broadway Station,Stratford Station,27
Ealing Broadway Station,Taplow Station,26
Ealing Broadway Station,Tottenham Court Road,13
Ealing Broadway Station,Twyford Station,36
Ealing Broadway Station,West Drayton Station,12
Ealing Broadway Station,West Ealing Station,2
Ealing Broadway Station,Whitechapel Station,21
Ealing Broadway Station,Woolwich Station,33
Farringdon Station,Abbey Wood Station,21
Farringdon Station,Acton Main Line Station,15
Farringdon Station,Bond Street Station,4
Farringdon Station,Brentwood Station,40
Farringdon Station,Burnham Station,39
Farringdon Station,Canary Wharf Station,8
Farringdon Station,Chadwell Heath Station,26
Farringdon Station,Custom House Station,12
Farringdon Station,Ealing Broadway Station,16
Farringdon Station,Forest Gate Station,14
Farringdon Station,Gidea Park,33
Farringdon Station,Goodmayes Station,24
Farringdon Station,Hanwell Station,22
Farringdon Station,Harold Wood Station,36
Farringdon Station,Hayes & Harlington Station,25
Farringdon Station,Heathrow Central,31
Farringdon Station,Heathrow T4,39
Farringdon Station,Heathrow T5,39
Farringdon Station,Ilford Station,19
Farringdon Station,Iver Station,31
Farringdon Station,Langley Station,32
Farringdon Station,Liverpool Street Station,2
Farringdon Station,Maidenhead Station,44
Farringdon Station,Manor Park Station,17
Farringdon Station,Maryland Station,12
Farringdon Station,Paddington Station,8
Farringdon Station,Reading Station,59
Farringdon Station,Romford Station,30
Farringdon Station,Seven Kings Station,22
Farringdon Station,Shenfield Station,45
Farringdon Station,Slough Station,35
Farringdon Station,Southall Station,22
Farringdon Station,Stratford Station,10
Farringdon Station,Taplow Station,43
Farringdon Station,Tottenham Court Road,2
Farringdon Station,Twyford Station,53
Farringdon Station,West Drayton Station,28
Farringdon Station,West Ealing Station,20
Farringdon Station,Whitechapel Station,5
Farringdon Station,Woolwich Station,16
Forest Gate Station,Abbey Wood Station,25
Forest Gate Station,Acton Main Line Station,30
Forest Gate Station,Bond Street Station,19
Forest Gate Station,Brentwood Station,25
Forest Gate Station,Burnham Station,54
Forest Gate Station,Canary Wharf Station,12
Forest Gate Station,Chadwell Heath Station,12
Forest Gate Station,Custom House Station,16
Forest Gate Station,Ealing Broadway Station,31
Forest Gate Station,Farringdon Station,14
Forest Gate Station,Gidea Park,18
Forest Gate Station,Goodmayes Station,10
Forest Gate Station,Hanwell Station,37
Forest Gate Station,Harold Wood Station,21
Forest Gate Station,Hayes & Harlington Station,40
Forest Gate Station,Heathrow Central,48
Forest Gate Station,Heathrow T4,54
Forest Gate Station,Heathrow T5,53
Forest Gate Station,Ilford Station,5
Forest Gate Station,Iver Station,45
Forest Gate Station,Langley Station,47
Forest Gate Station,Liverpool Street Station,12
Forest Gate Station,Maidenhead Station,59
Forest Gate Station,Manor Park Station,2
Forest Gate Station,Maryland Station,2
Forest Gate Station,Paddington Station,23
Forest Gate Station,Reading Station,73
Forest Gate Station,Romford Station,15
Forest Gate Station,Seven Kings Station,8
Forest Gate Station,Shenfield Station,30
Forest Gate Station,Slough Station,50
Forest Gate Station,Southall Station,37
Forest Gate Station,Stratford Station,4
Forest Gate Station,Taplow Station,57
Forest Gate Station,Tottenham Court Road,17
Forest Gate Station,Twyford Station,67
Forest Gate Station,West Drayton Station,43
Forest Gate Station,West Ealing Station,35
Forest Gate Station,Whitechapel Station,9
Forest Gate Station,Woolwich Station,20
Gidea Park,Abbey Wood Station,43
Gidea Park,Acton Main Line Station,48
Gidea Park,Bond Street Station,38
Gidea Park,Brentwood Station,7
Gidea Park,Burnham Station,72
Gidea Park,Canary Wharf Station,31
Gidea Park,Chadwell Heath Station,6
Gidea Park,Custom House Station,35
Gidea Park,Ealing Broadway Station,49
Gidea Park,Farringdon Station,33
Gidea Park,Forest Gate Station,18
Gidea Park,Goodmayes Station,8
Gidea Park,Hanwell Station,55
Gidea Park,Harold Wood Station,3
Gidea Park,Hayes & Harlington Station,58
Gidea Park,Heathrow Central,67
Gidea Park,Heathrow T4,72
Gidea Park,Heathrow T5,71
Gidea Park,Ilford Station,13
Gidea Park,Iver Station,63
Gidea Park,Langley Station,65
Gidea Park,Liverpool Street Station,30
Gidea Park,Maidenhead Station,77
Gidea Park,Manor Park Station,16
Gidea Park,Maryland Station,20
Gidea Park,Paddington Station,41
Gidea Park,Reading Station,91
Gidea Park,Romford Station,2
Gidea Park,Seven Kings Station,10
Gidea Park,Shenfield Station,12
Gidea Park,Slough Station,68
Gidea Park,Southall Station,55
Gidea Park,Stratford Station,22
Gidea Park,Taplow Station,75
Gidea Park,Tottenham Court Road,36
Gidea Park,Twyford Station,85
Gidea Park,West Drayton Station,62
Gidea Park,West Ealing Station,53
Gidea Park,Whitechapel Station,28
Gidea Park,Woolwich Station,39
Goodmayes Station,Abbey Wood Station,35
Goodmayes Station,Acton Main Line Station,40
Goodmayes Station,Bond Street Station,29
Goodmayes Station,Brentwood Station,15
Goodmayes Station,Burnham Station,64
Goodmayes Station,Canary Wharf Station,22
Goodmayes Station,Chadwell Heath Station,2
Goodmayes Station,Custom House Station,26
Goodmayes Station,Ealing Broadway Station,41
Goodmayes Station,Farringdon Station,24
Goodmayes Station,Forest Gate Station,10
Goodmayes Station,Gidea Park,8
Goodmayes Station,Hanwell Station,47
Goodmayes Station,Harold Wood Station,11
Goodmayes Station,Hayes & Harlington Station,50
Goodmayes Station,Heathrow Central,58
Goodmayes Station,Heathrow T4,64
Goodmayes Station,Heathrow T5,63
Goodmayes Station,Ilford Station,4
Goodmayes Station,Iver Station,55
Goodmayes Station,Langley Station,57
Goodmayes Station,Liverpool Street Station,22
Goodmayes Station,Maidenhead Station,69
Goodmayes Station,Manor Park Station,7
Goodmayes Station,Maryland Station,12
Goodmayes Station,Paddington Station,33
Goodmayes Station,Reading Station,83
Goodmayes Station,Romford Station,5
Goodmayes Station,Seven Kings Station,2
Goodmayes Station,Shenfield Station,20
Goodmayes Station,Slough Station,60
Goodmayes Station,Southall Station,47
Goodmayes Station,Stratford Station,14
Goodmayes Station,Taplow Station,67
Goodmayes Station,Tottenham Court Road,27
Goodmayes Station,Twyford Station,77
Goodmayes Station,West Drayton Station,53
Goodmayes Station,West Ealing Station,45
Goodmayes Station,Whitechapel Station,19
Goodmayes Station,Woolwich Station,30
Hanwell Station,Abbey Wood Station,44
Hanwell Station,Acton Main Line Station,8
Hanwell Station,Bond Street Station,17
Hanwell Station,Brentwood Station,63
Hanwell Station,Burnham Station,19
Hanwell Station,Canary Wharf Station,31
Hanwell Station,Chadwell Heath Station,49
Hanwell Station,Custom House Station,35
Hanwell Station,Ealing Broadway Station,4
Hanwell Station,Farringdon Station,22
Hanwell Station,Forest Gate Station,37
Hanwell Station,Gidea Park,56
Hanwell Station,Goodmayes Station,47
Hanwell Station,Harold Wood Station,59
Hanwell Station,Hayes & Harlington Station,6
Hanwell Station,Heathrow Central,11
Hanwell Station,Heathrow T4,17
Hanwell Station,Heathrow T5,19
Hanwell Station,Ilford Station,42
Hanwell Station,Iver Station,11
Hanwell Station,Langley Station,12
Hanwell Station,Liverpool Street Station,24
Hanwell Station,Maidenhead Station,24
Hanwell Station,Manor Park Station,40
Hanwell Station,Maryland Station,35
Hanwell Station,Paddington Station,14
Hanwell Station,Reading Station,39
Hanwell Station,Romford Station,53
Hanwell Station,Seven Kings Station,45
Hanwell Station,Shenfield Station,68
Hanwell Station,Slough Station,15
Hanwell Station,Southall Station,3
Hanwell Station,Stratford Station,33
Hanwell Station,Taplow Station,23
Hanwell Station,Tottenham Court Road,19
Hanwell Station,Twyford Station,33
Hanwell Station,West Drayton Station,9
Hanwell Station,West Ealing Station,2
Hanwell Station,Whitechapel Station,27
Hanwell Station,Woolwich Station,39
Harold Wood Station,Abbey Wood Station,46
Harold Wood Station,Acton Main Line Station,51
Harold Wood Station,Bond Street Station,41
Harold Wood Station,Brentwood Station,4
Harold Wood Station,Burnham Station,75
Harold Wood Station,Canary Wharf Station,34
Harold Wood Station,Chadwell Heath Station,9
Harold Wood Station,Custom House Station,38
Harold Wood Station,Ealing Broadway Station,52
Harold Wood Station,Farringdon Station,36
Harold Wood Station,Forest Gate Station,21
Harold Wood Station,Gidea Park,3
Harold Wood Station,Goodmayes Station,11
Harold Wood Station,Hanwell Station,58
Harold Wood Station,Hayes & Harlington Station,61
Harold Wood Station,Heathrow Central,70
Harold Wood Station,Heathrow T4,75
Harold Wood Station,Heathrow T5,74
Harold Wood Station,Ilford Station,16
Harold Wood Station,Iver Station,66
Harold Wood Station,Langley Station,68
Harold Wood Station,Liverpool Street Station,33
Harold Wood Station,Maidenhead Station,80
Harold Wood Station,Manor Park Station,19
Harold Wood Station,Maryland Station,23
Harold Wood Station,Paddington Station,44
Harold Wood Station,Reading Station,94
Harold Wood Station,Romford Station,5
Harold Wood Station,Seven Kings Station,13
Harold Wood Station,Shenfield Station,9
Harold Wood Station,Slough Station,71
Harold Wood Station,Southall Station,58
Harold Wood Station,Stratford Station,25
Harold Wood Station,Taplow Station,78
Harold Wood Station,Tottenham Court Road,39
Harold Wood Station,Twyford Station,88
Harold Wood Station,West Drayton Station,65
Harold Wood Station,West Ealing Station,56
Harold Wood Station,Whitechapel Station,31
Harold Wood Station,Woolwich Station,42
Hayes & Harlington Station,Abbey Wood Station,47
Hayes & Harlington Station,Acton Main Line Station,14
Hayes & Harlington Station,Bond Street Station,20
Hayes & Harlington Station,Brentwood Station,66
Hayes & Harlington Station,Burnham Station,14
Hayes & Harlington Station,Canary Wharf Station,34
Hayes & Harlington Station,Chadwell Heath Station,52
Hayes & Harlington Station,Custom House Station,38
Hayes & Harlington Station,Ealing Broadway Station,8
Hayes & Harlington Station,Farringdon Station,25
Hayes & Harlington Station,Forest Gate Station,40
Hayes & Harlington Station,Gidea Park,59
Hayes & Harlington Station,Goodmayes Station,50
Hayes & Harlington Station,Hanwell Station,6
Hayes & Harlington Station,Harold Wood Station,62
Hayes & Harlington Station,Heathrow Central,5
Hayes & Harlington Station,Heathrow T4,11
Hayes & Harlington Station,Heathrow T5,13
Hayes & Harlington Station,Ilford Station,45
Hayes & Harlington Station,Iver Station,6
Hayes & Harlington Station,Langley Station,7
Hayes & Harlington Station,Liverpool Street Station,27
Hayes & Harlington Station,Maidenhead Station,19
Hayes & Harlington Station,Manor Park Station,43
Hayes & Harlington Station,Maryland Station,38
Hayes & Harlington Station,Paddington Station,17
Hayes & Harlington Station,Reading Station,34
Hayes & Harlington Station,Romford Station,56
Hayes & Harlington Station,Seven Kings Station,48
Hayes & Harlington Station,Shenfield Station,71
Hayes & Harlington Station,Slough Station,10
Hayes & Harlington Station,Southall Station,3
Hayes & Harlington Station,Stratford Station,36
Hayes & Harlington Station,Taplow Station,18
Hayes & Harlington Station,Tottenham Court Road,22
Hayes & Harlington Station,Twyford Station,28
Hayes & Harlington Station,West Drayton Station,3
Hayes & Harlington Station,West Ealing Station,8
Hayes & Harlington Station,Whitechapel Station,30
Hayes & Harlington Station,Woolwich Station,42
Heathrow Central,Abbey Wood Station,53
Heathrow Central,Acton Main Line Station,19
Heathrow Central,Bond Street Station,26
Heathrow Central,Brentwood Station,74
Heathrow Central,Burnham Station,19
Heathrow Central,Canary Wharf Station,40
Heathrow Central,Chadwell Heath Station,61
Heathrow Central,Custom House Station,44
Heathrow Central,Ealing Broadway Station,14
Heathrow Central,Farringdon Station,31
Heathrow Central,Forest Gate Station,49
Heathrow Central,Gidea Park,67
Heathrow Central,Goodmayes Station,59
Heathrow Central,Hanwell Station,11
Heathrow Central,Harold Wood Station,70
Heathrow Central,Hayes & Harlington Station,5
Heathrow Central,Heathrow T4,4
Heathrow Central,Heathrow T5,5
Heathrow Central,Ilford Station,54
Heathrow Central,Iver Station,11
Heathrow Central,Langley Station,12
Heathrow Central,Liverpool Street Station,33
Heathrow Central,Maidenhead Station,24
Heathrow Central,Manor Park Station,51
Heathrow Central,Maryland Station,47
Heathrow Central,Paddington Station,23
Heathrow Central,Reading Station,39
Heathrow Central,Romford Station,64
Heathrow Central,Seven Kings Station,57
Heathrow Central,Shenfield Station,79
Heathrow Central,Slough Station,15
Heathrow Central,Southall Station,8
Heathrow Central,Stratford Station,45
Heathrow Central,Taplow Station,23
Heathrow Central,Tottenham Court Road,28
Heathrow Central,Twyford Station,33
Heathrow Central,West Drayton Station,8
Heathrow Central,West Ealing Station,13
Heathrow Central,Whitechapel Station,36
Heathrow Central,Woolwich Station,48
Heathrow T4,Abbey Wood Station,61
Heathrow T4,Acton Main Line Station,25
Heathrow T4,Bond Street Station,35
Heathrow T4,Brentwood Station,80
Heathrow T4,Burnham Station,25
Heathrow T4,Canary Wharf Station,49
Heathrow T4,Chadwell Heath Station,67
Heathrow T4,Custom House Station,53
Heathrow T4,Ealing Broadway Station,22
Heathrow T4,Farringdon Station,40
Heathrow T4,Forest Gate Station,55
Heathrow T4,Gidea Park,73
Heathrow T4,Goodmayes Station,65
Heathrow T4,Hanwell Station,17
Heathrow T4,Harold Wood Station,76
Heathrow T4,Hayes & Harlington Station,11
Heathrow T4,Heathrow Central,4
Heathrow T4,Heathrow T5,9
Heathrow T4,Ilford Station,60
Heathrow T4,Iver Station,17
Heathrow T4,Langley Station,18
Heathrow T4,Liverpool Street Station,42
Heathrow T4,Maidenhead Station,30
Heathrow T4,Manor Park Station,57
Heathrow T4,Maryland Station,53
Heathrow T4,Paddington Station,31
Heathrow T4,Reading Station,45
Heathrow T4,Romford Station,70
Heathrow T4,Seven Kings Station,63
Heathrow T4,Shenfield Station,85
Heathrow T4,Slough Station,21
Heathrow T4,Southall Station,14
Heathrow T4,Stratford Station,51
Heathrow T4,Taplow Station,29
Heathrow T4,Tottenham Court Road,36
Heathrow T4,Twyford Station,39
Heathrow T4,West Drayton Station,14
Heathrow T4,West Ealing Station,19
Heathrow T4,Whitechapel Station,45
Heathrow T4,Woolwich Station,57
Heathrow T5,Abbey Wood Station,60
Heathrow T5,Acton Main Line Station,26
Heathrow T5,Bond Street Station,34
Heathrow T5,Brentwood Station,78
Heathrow T5,Burnham Station,26
Heathrow T5,Canary Wharf Station,48
Heathrow T5,Chadwell Heath Station,65
Heathrow T5,Custom House Station,52
Heathrow T5,Ealing Broadway Station,21
Heathrow T5,Farringdon Station,39
Heathrow T5,Forest Gate Station,53
Heathrow T5,Gidea Park,71
Heathrow T5,Goodmayes Station,63
Heathrow T5,Hanwell Station,18
Heathrow T5,Harold Wood Station,74
Heathrow T5,Hayes & Harlington Station,13
Heathrow T5,Heathrow Central,4
Heathrow T5,Heathrow T4,8
Heathrow T5,Ilford Station,58
Heathrow T5,Iver Station,18
Heathrow T5,Langley Station,19
Heathrow T5,Liverpool Street Station,41
Heathrow T5,Maidenhead Station,31
Heathrow T5,Manor Park Station,55
Heathrow T5,Maryland Station,51
Heathrow T5,Paddington Station,30
Heathrow T5,Reading Station,46
Heathrow T5,Romford Station,68
Heathrow T5,Seven Kings Station,61
Heathrow T5,Shenfield Station,83
Heathrow T5,Slough Station,22
Heathrow T5,Southall Station,16
Heathrow T5,Stratford Station,49
Heathrow T5,Taplow Station,30
Heathrow T5,Tottenham Court Road,35
Heathrow T5,Twyford Station,40
Heathrow T5,West Drayton Station,16
Heathrow T5,West Ealing Station,20
Heathrow T5,Whitechapel Station,44
Heathrow T5,Woolwich Station,56
Ilford Station,Abbey Wood Station,30
Ilford Station,Acton Main Line Station,35
Ilford Station,Bond Street Station,24
Ilford Station,Brentwood Station,20
Ilford Station,Burnham Station,59
Ilford Station,Canary Wharf Station,17
Ilford Station,Chadwell Heath Station,6
Ilford Station,Custom House Station,21
Ilford Station,Ealing Broadway Station,36
Ilford Station,Farringdon Station,19
Ilford Station,Forest Gate Station,5
Ilford Station,Gidea Park,13
Ilford Station,Goodmayes Station,4
Ilford Station,Hanwell Station,42
Ilford Station,Harold Wood Station,16
Ilford Station,Hayes & Harlington Station,45
Ilford Station,Heathrow Central,53
Ilford Station,Heathrow T4,59
Ilford Station,Heathrow T5,58
Ilford Station,Iver Station,50
Ilford Station,Langley Station,52
Ilford Station,Liverpool Street Station,17
Ilford Station,Maidenhead Station,64
Ilford Station,Manor Park Station,2
Ilford Station,Maryland Station,7
Ilford Station,Paddington Station,28
Ilford Station,Reading Station,78
Ilford Station,Romford Station,10
Ilford Station,Seven Kings Station,2
Ilford Station,Shenfield Station,25
Ilford Station,Slough Station,55
Ilford Station,Southall Station,42
Ilford Station,Stratford Station,9
Ilford Station,Taplow Station,62
Ilford Station,Tottenham Court Road,22
Ilford Station,Twyford Station,72
Ilford Station,West Drayton Station,48
Ilford Station,West Ealing Station,40
Ilford Station,Whitechapel Station,14
Ilford Station,Woolwich Station,25
Iver Station,Abbey Wood Station,53
Iver Station,Acton Main Line Station,19
Iver Station,Bond Street Station,26
Iver Station,Brentwood Station,71
Iver Station,Burnham Station,9
Iver Station,Canary Wharf Station,40
Iver Station,Chadwell Heath Station,57
Iver Station,Custom House Station,44
Iver Station,Ealing Broadway Station,14
Iver Station,Farringdon Station,31
Iver Station,Forest Gate Station,45
Iver Station,Gidea Park,64
Iver Station,Goodmayes Station,55
Iver Station,Hanwell Station,11
Iver Station,Harold Wood Station,67
Iver Station,Hayes & Harlington Station,6
Iver Station,Heathrow Central,11
Iver Station,Heathrow T4,16
Iver Station,Heathrow T5,19
Iver Station,Ilford Station,50
Iver Station,Langley Station,2
Iver Station,Liverpool Street Station,33
Iver Station,Maidenhead Station,15
Iver Station,Manor Park Station,48
Iver Station,Maryland Station,43
Iver Station,Paddington Station,23
Iver Station,Reading Station,28
Iver Station,Romford Station,61
Iver Station,Seven Kings Station,53
Iver Station,Shenfield Station,76
Iver Station,Slough Station,5
Iver Station,Southall Station,9
Iver Station,Stratford Station,41
Iver Station,Taplow Station,12
Iver Station,Tottenham Court Road,28
Iver Station,Twyford Station,22
Iver Station,West Drayton Station,2
Iver Station,West Ealing Station,13
Iver Station,Whitechapel Station,36
Iver Station,Woolwich Station,48
Langley Station,Abbey Wood Station,55
Langley Station,Acton Main Line Station,21
Langley Station,Bond Street Station,28
Langley Station,Brentwood Station,73
Langley Station,Burnham Station,7
Langley Station,Canary Wharf Station,43
Langley Station,Chadwell Heath Station,60
Langley Station,Custom House Station,47
Langley Station,Ealing Broadway Station,16
Langley Station,Farringdon Station,33
Langley Station,Forest Gate Station,48
Langley Station,Gidea Park,66
Langley Station,Goodmayes Station,58
Langley Station,Hanwell Station,13
Langley Station,Harold Wood Station,69
Langley Station,Hayes & Harlington Station,7
Langley Station,Heathrow Central,12
Langley Station,Heathrow T4,18
Langley Station,Heathrow T5,20
Langley Station,Ilford Station,53
Langley Station,Iver Station,2
Langley Station,Liverpool Street Station,35
Langley Station,Maidenhead Station,12
Langley Station,Manor Park Station,50
Langley Station,Maryland Station,46
Langley Station,Paddington Station,24
Langley Station,Reading Station,25
Langley Station,Romford Station,63
Langley Station,Seven Kings Station,56
Langley Station,Shenfield Station,78
Langley Station,Slough Station,3
Langley Station,Southall Station,10
Langley Station,Stratford Station,44
Langley Station,Taplow Station,9
Langley Station,Tottenham Court Road,29
Langley Station,Twyford Station,19
Langley Station,West Drayton Station,3
Langley Station,West Ealing Station,15
Langley Station,Whitechapel Station,38
Langley Station,Woolwich Station,51
Liverpool Street Station,Abbey Wood Station,18
Liverpool Street Station,Acton Main Line Station,17
Liverpool Street Station,Bond Street Station,7
Liverpool Street Station,Brentwood Station,37
Liverpool Street Station,Burnham Station,41
Liverpool Street Station,Canary Wharf Station,6
Liverpool Street Station,Chadwell Heath Station,24
Liverpool Street Station,Custom House Station,10
Liverpool Street Station,Ealing Broadway Station,18
Liverpool Street Station,Farringdon Station,2
Liverpool Street Station,Forest Gate Station,12
Liverpool Street Station,Gidea Park,30
Liverpool Street Station,Goodmayes Station,22
Liverpool Street Station,Hanwell Station,24
Liverpool Street Station,Harold Wood Station,33
Liverpool Street Station,Hayes & Harlington Station,27
Liverpool Street Station,Heathrow Central,33
Liverpool Street Station,Heathrow T4,41
Liverpool Street Station,Heathrow T5,41
Liverpool Street Station,Ilford Station,17
Liverpool Street Station,Iver Station,33
Liverpool Street Station,Langley Station,34
Liverpool Street Station,Maidenhead Station,46
Liverpool Street Station,Manor Park Station,14
Liverpool Street Station,Maryland Station,10
Liverpool Street Station,Paddington Station,10
Liverpool Street Station,Reading Station,61
Liverpool Street Station,Romford Station,27
Liverpool Street Station,Seven Kings Station,20
Liverpool Street Station,Shenfield Station,42
Liverpool Street Station,Slough Station,37
Liverpool Street Station,Southall Station,24
Liverpool Street Station,Stratford Station,8
Liverpool Street Station,Taplow Station,45
Liverpool Street Station,Tottenham Court Road,4
Liverpool Street Station,Twyford Station,55
Liverpool Street Station,West Drayton Station,30
Liverpool Street Station,West Ealing Station,22
Liverpool Street Station,Whitechapel Station,2
Liverpool Street Station,Woolwich Station,14
Maidenhead Station,Abbey Wood Station,67
Maidenhead Station,Acton Main Line Station,32
Maidenhead Station,Bond Street Station,39
Maidenhead Station,Brentwood Station,84
Maidenhead Station,Burnham Station,4
Maidenhead Station,Canary Wharf Station,55
Maidenhead Station,Chadwell Heath Station,71
Maidenhead Station,Custom House Station,59
Maidenhead Station,Ealing Broadway Station,27
Maidenhead Station,Farringdon Station,44
Maidenhead Station,Forest Gate Station,59
Maidenhead Station,Gidea Park,77
Maidenhead Station,Goodmayes Station,69
Maidenhead Station,Hanwell Station,24
Maidenhead Station,Harold Wood Station,80
Maidenhead Station,Hayes & Harlington Station,18
Maidenhead Station,Heathrow Central,23
Maidenhead Station,Heathrow T4,29
Maidenhead Station,Heathrow T5,31
Maidenhead Station,Ilford Station,64
Maidenhead Station,Iver Station,14
Maidenhead Station,Langley Station,11
Maidenhead Station,Liverpool Street Station,46
Maidenhead Station,Manor Park Station,61
Maidenhead Station,Maryland Station,57
Maidenhead Station,Paddington Station,35
Maidenhead Station,Reading Station,12
Maidenhead Station,Romford Station,74
Maidenhead Station,Seven Kings Station,67
Maidenhead Station,Shenfield Station,89
Maidenhead Station,Slough Station,7
Maidenhead Station,Southall Station,21
Maidenhead Station,Stratford Station,55
Maidenhead Station,Taplow Station,3
Maidenhead Station,Tottenham Court Road,40
Maidenhead Station,Twyford Station,6
Maidenhead Station,West Drayton Station,14
Maidenhead Station,West Ealing Station,26
Maidenhead Station,Whitechapel Station,49
Maidenhead Station,Woolwich Station,63
Manor Park Station,Abbey Wood Station,27
Manor Park Station,Acton Main Line Station,32
Manor Park Station,Bond Street Station,22
Manor Park Station,Brentwood Station,23
Manor Park Station,Burnham Station,56
Manor Park Station,Canary Wharf Station,15
Manor Park Station,Chadwell Heath Station,9
Manor Park Station,Custom House Station,19
Manor Park Station,Ealing Broadway Station,33
Manor Park Station,Farringdon Station,17
Manor Park Station,Forest Gate Station,2
Manor Park Station,Gidea Park,16
Manor Park Station,Goodmayes Station,7
Manor Park Station,Hanwell Station,39
Manor Park Station,Harold Wood Station,19
Manor Park Station,Hayes & Harlington Station,42
Manor Park Station,Heathrow Central,51
Manor Park Station,Heathrow T4,56
Manor Park Station,Heathrow T5,55
Manor Park Station,Ilford Station,2
Manor Park Station,Iver Station,47
Manor Park Station,Langley Station,49
Manor Park Station,Liverpool Street Station,14
Manor Park Station,Maidenhead Station,61
Manor Park Station,Maryland Station,4
Manor Park Station,Paddington Station,25
Manor Park Station,Reading Station,75
Manor Park Station,Romford Station,13
Manor Park Station,Seven Kings Station,5
Manor Park Station,Shenfield Station,28
Manor Park Station,Slough Station,52
Manor Park Station,Southall Station,39
Manor Park Station,Stratford Station,6
Manor Park Station,Taplow Station,59
Manor Park Station,Tottenham Court Road,20
Manor Park Station,Twyford Station,69
Manor Park Station,West Drayton Station,46
Manor Park Station,West Ealing Station,37
Manor Park Station,Whitechapel Station,12
Manor Park Station,Woolwich Station,23
Maryland Station,Abbey Wood Station,23
Maryland Station,Acton Main Line Station,28
Maryland Station,Bond Street Station,17
Maryland Station,Brentwood Station,27
Maryland Station,Burnham Station,52
Maryland Station,Canary Wharf Station,10
Maryland Station,Chadwell Heath Station,14
Maryland Station,Custom House Station,14
Maryland Station,Ealing Broadway Station,29
Maryland Station,Farringdon Station,12
Maryland Station,Forest Gate Station,2
Maryland Station,Gidea Park,20
Maryland Station,Goodmayes Station,12
Maryland Station,Hanwell Station,35
Maryland Station,Harold Wood Station,23
Maryland Station,Hayes & Harlington Station,38
Maryland Station,Heathrow Central,46
Maryland Station,Heathrow T4,52
Maryland Station,Heathrow T5,51
Maryland Station,Ilford Station,7
Maryland Station,Iver Station,43
Maryland Station,Langley Station,45
Maryland Station,Liverpool Street Station,10
Maryland Station,Maidenhead Station,57
Maryland Station,Manor Park Station,4
Maryland Station,Paddington Station,21
Maryland Station,Reading Station,71
Maryland Station,Romford Station,17
Maryland Station,Seven Kings Station,10
Maryland Station,Shenfield Station,32
Maryland Station,Slough Station,48
Maryland Station,Southall Station,35
Maryland Station,Stratford Station,2
Maryland Station,Taplow Station,55
Maryland Station,Tottenham Court Road,15
Maryland Station,Twyford Station,65
Maryland Station,West Drayton Station,41
Maryland Station,West Ealing Station,33
Maryland Station,Whitechapel Station,7
Maryland Station,Woolwich Station,18
Paddington Station,Abbey Wood Station,29
Paddington Station,Acton Main Line Station,6
Paddington Station,Bond Street Station,3
Paddington Station,Brentwood Station,48
Paddington Station,Burnham Station,30
Paddington Station,Canary Wharf Station,17
Paddington Station,Chadwell Heath Station,35
Paddington Station,Custom House Station,21
Paddington Station,Ealing Broadway Station,7
Paddington Station,Farringdon Station,8
Paddington Station,Forest Gate Station,23
Paddington Station,Gidea Park,41
Paddington Station,Goodmayes Station,33
Paddington Station,Hanwell Station,13
Paddington Station,Harold Wood Station,44
Paddington Station,Hayes & Harlington Station,16
Paddington Station,Heathrow Central,22
Paddington Station,Heathrow T4,30
Paddington Station,Heathrow T5,30
Paddington Station,Ilford Station,28
Paddington Station,Iver Station,22
Paddington Station,Langley Station,23
Paddington Station,Liverpool Street Station,10
Paddington Station,Maidenhead Station,35
Paddington Station,Manor Park Station,25
Paddington Station,Maryland Station,21
Paddington Station,Reading Station,50
Paddington Station,Romford Station,38
Paddington Station,Seven Kings Station,31
Paddington Station,Shenfield Station,53
Paddington Station,Slough Station,26
Paddington Station,Southall Station,13
Paddington Station,Stratford Station,19
Paddington Station,Taplow Station,34
Paddington Station,Tottenham Court Road,4
Paddington Station,Twyford Station,44
Paddington Station,West Drayton Station,20
Paddington Station,West Ealing Station,11
Paddington Station,Whitechapel Station,13
Paddington Station,Woolwich Station,25
Reading Station,Abbey Wood Station,80
Reading Station,Acton Main Line Station,47
Reading Station,Bond Street Station,54
Reading Station,Brentwood Station,98
Reading Station,Burnham Station,18
Reading Station,Canary Wharf Station,68
Reading Station,Chadwell Heath Station,85
Reading Station,Custom House Station,72
Reading Station,Ealing Broadway Station,42
Reading Station,Farringdon Station,59
Reading Station,Forest Gate Station,73
Reading Station,Gidea Park,91
Reading Station,Goodmayes Station,83
Reading Station,Hanwell Station,39
Reading Station,Harold Wood Station,94
Reading Station,Hayes & Harlington Station,33
Reading Station,Heathrow Central,38
Reading Station,Heathrow T4,44
Reading Station,Heathrow T5,46
Reading Station,Ilford Station,78
Reading Station,Iver Station,27
Reading Station,Langley Station,25
Reading Station,Liverpool Street Station,61
Reading Station,Maidenhead Station,12
Reading Station,Manor Park Station,75
Reading Station,Maryland Station,71
Reading Station,Paddington Station,50
Reading Station,Romford Station,88
Reading Station,Seven Kings Station,81
Reading Station,Shenfield Station,103
Reading Station,Slough Station,22
Reading Station,Southall Station,36
Reading Station,Stratford Station,69
Reading Station,Taplow Station,16
Reading Station,Tottenham Court Road,55
Reading Station,Twyford Station,5
Reading Station,West Drayton Station,29
Reading Station,West Ealing Station,41
Reading Station,Whitechapel Station,64
Reading Station,Woolwich Station,76
Romford Station,Abbey Wood Station,40
Romford Station,Acton Main Line Station,45
Romford Station,Bond Street Station,35
Romford Station,Brentwood Station,9
Romford Station,Burnham Station,69
Romford Station,Canary Wharf Station,28
Romford Station,Chadwell Heath Station,3
Romford Station,Custom House Station,32
Romford Station,Ealing Broadway Station,46
Romford Station,Farringdon Station,30
Romford Station,Forest Gate Station,15
Romford Station,Gidea Park,2
Romford Station,Goodmayes Station,5
Romford Station,Hanwell Station,52
Romford Station,Harold Wood Station,5
Romford Station,Hayes & Harlington Station,55
Romford Station,Heathrow Central,64
Romford Station,Heathrow T4,69
Romford Station,Heathrow T5,68
Romford Station,Ilford Station,10
Romford Station,Iver Station,60
Romford Station,Langley Station,62
Romford Station,Liverpool Street Station,27
Romford Station,Maidenhead Station,74
Romford Station,Manor Park Station,13
Romford Station,Maryland Station,17
Romford Station,Paddington Station,38
Romford Station,Reading Station,88
Romford Station,Seven Kings Station,7
Romford Station,Shenfield Station,14
Romford Station,Slough Station,65
Romford Station,Southall Station,52
Romford Station,Stratford Station,19
Romford Station,Taplow Station,72
Romford Station,Tottenham Court Road,33
Romford Station,Twyford Station,82
Romford Station,West Drayton Station,59
Romford Station,West Ealing Station,50
Romford Station,Whitechapel Station,25
Romford Station,Woolwich Station,36
Seven Kings Station,Abbey Wood Station,33
Seven Kings Station,Acton Main Line Station,38
Seven Kings Station,Bond Street Station,27
Seven Kings Station,Brentwood Station,17
Seven Kings Station,Burnham Station,62
Seven Kings Station,Canary Wharf Station,20
Seven Kings Station,Chadwell Heath Station,4
Seven Kings Station,Custom House Station,24
Seven Kings Station,Ealing Broadway Station,39
Seven Kings Station,Farringdon Station,22
Seven Kings Station,Forest Gate Station,8
Seven Kings Station,Gidea Park,10
Seven Kings Station,Goodmayes Station,2
Seven Kings Station,Hanwell Station,45
Seven Kings Station,Harold Wood Station,13
Seven Kings Station,Hayes & Harlington Station,48
Seven Kings Station,Heathrow Central,56
Seven Kings Station,Heathrow T4,62
Seven Kings Station,Heathrow T5,61
Seven Kings Station,Ilford Station,2
Seven Kings Station,Iver Station,53
Seven Kings Station,Langley Station,55
Seven Kings Station,Liverpool Street Station,20
Seven Kings Station,Maidenhead Station,67
Seven Kings Station,Manor Park Station,5
Seven Kings Station,Maryland Station,10
Seven Kings Station,Paddington Station,31
Seven Kings Station,Reading Station,81
Seven Kings Station,Romford Station,7
Seven Kings Station,Shenfield Station,22
Seven Kings Station,Slough Station,58
Seven Kings Station,Southall Station,45
Seven Kings Station,Stratford Station,12
Seven Kings Station,Taplow Station,65
Seven Kings Station,Tottenham Court Road,25
Seven Kings Station,Twyford Station,75
Seven Kings Station,West Drayton Station,51
Seven Kings Station,West Ealing Station,43
Seven Kings Station,Whitechapel Station,17
Seven Kings Station,Woolwich Station,28
Shenfield Station,Abbey Wood Station,54
Shenfield Station,Acton Main Line Station,59
Shenfield Station,Bond Street Station,49
Shenfield Station,Brentwood Station,4
Shenfield Station,Burnham Station,83
Shenfield Station,Canary Wharf Station,42
Shenfield Station,Chadwell Heath Station,17
Shenfield Station,Custom House Station,46
Shenfield Station,Ealing Broadway Station,60
Shenfield Station,Farringdon Station,44
Shenfield Station,Forest Gate Station,29
Shenfield Station,Gidea Park,11
Shenfield Station,Goodmayes Station,19
Shenfield Station,Hanwell Station,66
Shenfield Station,Harold Wood Station,8
Shenfield Station,Hayes & Harlington Station,69
Shenfield Station,Heathrow Central,78
Shenfield Station,Heathrow T4,83
Shenfield Station,Heathrow T5,82
Shenfield Station,Ilford Station,24
Shenfield Station,Iver Station,74
Shenfield Station,Langley Station,76
Shenfield Station,Liverpool Street Station,41
Shenfield Station,Maidenhead Station,88
Shenfield Station,Manor Park Station,27
Shenfield Station,Maryland Station,31
Shenfield Station,Paddington Station,52
Shenfield Station,Reading Station,102
Shenfield Station,Romford Station,13
Shenfield Station,Seven Kings Station,21
Shenfield Station,Slough Station,79
Shenfield Station,Southall Station,66
Shenfield Station,Stratford Station,33
Shenfield Station,Taplow Station,86
Shenfield Station,Tottenham Court Road,47
Shenfield Station,Twyford Station,96
Shenfield Station,West Drayton Station,73
Shenfield Station,West Ealing Station,64
Shenfield Station,Whitechapel Station,39
Shenfield Station,Woolwich Station,50
Slough Station,Abbey Wood Station,58
Slough Station,Acton Main Line Station,24
Slough Station,Bond Street Station,31
Slough Station,Brentwood Station,76
Slough Station,Burnham Station,3
Slough Station,Canary Wharf Station,46
Slough Station,Chadwell Heath Station,63
Slough Station,Custom House Station,50
Slough Station,Ealing Broadway Station,19
Slough Station,Farringdon Station,36
Slough Station,Forest Gate Station,51
Slough Station,Gidea Park,69
Slough Station,Goodmayes Station,61
Slough Station,Hanwell Station,16
Slough Station,Harold Wood Station,72
Slough Station,Hayes & Harlington Station,10
Slough Station,Heathrow Central,15
Slough Station,Heathrow T4,21
Slough Station,Heathrow T5,23
Slough Station,Ilford Station,56
Slough Station,Iver Station,5
Slough Station,Langley Station,3
Slough Station,Liverpool Street Station,38
Slough Station,Maidenhead Station,8
Slough Station,Manor Park Station,53
Slough Station,Maryland Station,49
Slough Station,Paddington Station,27
Slough Station,Reading Station,22
Slough Station,Romford Station,66
Slough Station,Seven Kings Station,59
Slough Station,Shenfield Station,81
Slough Station,Southall Station,13
Slough Station,Stratford Station,47
Slough Station,Taplow Station,6
Slough Station,Tottenham Court Road,32
Slough Station,Twyford Station,16
Slough Station,West Drayton Station,6
Slough Station,West Ealing Station,18
Slough Station,Whitechapel Station,41
Slough Station,Woolwich Station,54
Southall Station,Abbey Wood Station,44
Southall Station,Acton Main Line Station,11
Southall Station,Bond Street Station,17
Southall Station,Brentwood Station,63
Southall Station,Burnham Station,17
Southall Station,Canary Wharf Station,31
Southall Station,Chadwell Heath Station,49
Southall Station,Custom House Station,35
Southall Station,Ealing Broadway Station,5
Southall Station,Farringdon Station,22
Southall Station,Forest Gate Station,37
Southall Station,Gidea Park,56
Southall Station,Goodmayes Station,47
Southall Station,Hanwell Station,3
Southall Station,Harold Wood Station,59
Southall Station,Hayes & Harlington Station,3
Southall Station,Heathrow Central,8
Southall Station,Heathrow T4,14
Southall Station,Heathrow T5,16
Southall Station,Ilford Station,42
Southall Station,Iver Station,9
Southall Station,Langley Station,10
Southall Station,Liverpool Street Station,24
Southall Station,Maidenhead Station,22
Southall Station,Manor Park Station,40
Southall Station,Maryland Station,35
Southall Station,Paddington Station,14
Southall Station,Reading Station,37
Southall Station,Romford Station,53
Southall Station,Seven Kings Station,45
Southall Station,Shenfield Station,68
Southall Station,Slough Station,13
Southall Station,Stratford Station,33
Southall Station,Taplow Station,21
Southall Station,Tottenham Court Road,19
Southall Station,Twyford Station,31
Southall Station,West Drayton Station,6
Southall Station,West Ealing Station,5
Southall Station,Whitechapel Station,27
Southall Station,Woolwich Station,39
Stratford Station,Abbey Wood Station,20
Stratford Station,Acton Main Line Station,25
Stratford Station,Bond Street Station,15
Stratford Station,Brentwood Station,29
Stratford Station,Burnham Station,49
Stratford Station,Canary Wharf Station,8
Stratford Station,Chadwell Heath Station,15
Stratford Station,Custom House Station,12
Stratford Station,Ealing Broadway Station,26
Stratford Station,Farringdon Station,10
Stratford Station,Forest Gate Station,3
Stratford Station,Gidea Park,22
Stratford Station,Goodmayes Station,13
Stratford Station,Hanwell Station,32
Stratford Station,Harold Wood Station,25
Stratford Station,Hayes & Harlington Station,35
Stratford Station,Heathrow Central,44
Stratford Station,Heathrow T4,49
Stratford Station,Heathrow T5,48
Stratford Station,Ilford Station,8
Stratford Station,Iver Station,40
Stratford Station,Langley Station,42
Stratford Station,Liverpool Street Station,7
Stratford Station,Maidenhead Station,54
Stratford Station,Manor Park Station,6
Stratford Station,Maryland Station,1
Stratford Station,Paddington Station,18
Stratford Station,Reading Station,68
Stratford Station,Romford Station,19
Stratford Station,Seven Kings Station,11
Stratford Station,Shenfield Station,34
Stratford Station,Slough Station,45
Stratford Station,Southall Station,32
Stratford Station,Taplow Station,52
Stratford Station,Tottenham Court Road,13
Stratford Station,Twyford Station,62
Stratford Station,West Drayton Station,39
Stratford Station,West Ealing Station,30
Stratford Station,Whitechapel Station,5
Stratford Station,Woolwich Station,16
Taplow Station,Abbey Wood Station,64
Taplow Station,Acton Main Line Station,31
Taplow Station,Bond Street Station,38
Taplow Station,Brentwood Station,82
Taplow Station,Burnham Station,2
Taplow Station,Canary Wharf Station,52
Taplow Station,Chadwell Heath Station,69
Taplow Station,Custom House Station,56
Taplow Station,Ealing Broadway Station,26
Taplow Station,Farringdon Station,43
Taplow Station,Forest Gate Station,57
Taplow Station,Gidea Park,75
Taplow Station,Goodmayes Station,67
Taplow Station,Hanwell Station,23
Taplow Station,Harold Wood Station,78
Taplow Station,Hayes & Harlington Station,17
Taplow Station,Heathrow Central,22
Taplow Station,Heathrow T4,28
Taplow Station,Heathrow T5,30
Taplow Station,Ilford Station,62
Taplow Station,Iver Station,10
Taplow Station,Langley Station,9
Taplow Station,Liverpool Street Station,45
Taplow Station,Maidenhead Station,3
Taplow Station,Manor Park Station,59
Taplow Station,Maryland Station,55
Taplow Station,Paddington Station,34
Taplow Station,Reading Station,16
Taplow Station,Romford Station,72
Taplow Station,Seven Kings Station,65
Taplow Station,Shenfield Station,87
Taplow Station,Slough Station,6
Taplow Station,Southall Station,20
Taplow Station,Stratford Station,53
Taplow Station,Tottenham Court Road,39
Taplow Station,Twyford Station,10
Taplow Station,West Drayton Station,14
Taplow Station,West Ealing Station,25
Taplow Station,Whitechapel Station,48
Taplow Station,Woolwich Station,60
Tottenham Court Road,Abbey Wood Station,24
Tottenham Court Road,Acton Main Line Station,12
Tottenham Court Road,Bond Street Station,2
Tottenham Court Road,Brentwood Station,43
Tottenham Court Road,Burnham Station,36
Tottenham Court Road,Canary Wharf Station,12
Tottenham Court Road,Chadwell Heath Station,30
Tottenham Court Road,Custom House Station,16
Tottenham Court Road,Ealing Broadway Station,13
Tottenham Court Road,Farringdon Station,3
Tottenham Court Road,Forest Gate Station,18
Tottenham Court Road,Gidea Park,36
Tottenham Court Road,Goodmayes Station,28
Tottenham Court Road,Hanwell Station,19
Tottenham Court Road,Harold Wood Station,39
Tottenham Court Road,Hayes & Harlington Station,22
Tottenham Court Road,Heathrow Central,28
Tottenham Court Road,Heathrow T4,36
Tottenham Court Road,Heathrow T5,36
Tottenham Court Road,Ilford Station,23
Tottenham Court Road,Iver Station,28
Tottenham Court Road,Langley Station,29
Tottenham Court Road,Liverpool Street Station,5
Tottenham Court Road,Maidenhead Station,41
Tottenham Court Road,Manor Park Station,20
Tottenham Court Road,Maryland Station,16
Tottenham Court Road,Paddington Station,5
Tottenham Court Road,Reading Station,56
Tottenham Court Road,Romford Station,33
Tottenham Court Road,Seven Kings Station,26
Tottenham Court Road,Shenfield Station,48
Tottenham Court Road,Slough Station,32
Tottenham Court Road,Southall Station,19
Tottenham Court Road,Stratford Station,14
Tottenham Court Road,Taplow Station,40
Tottenham Court Road,Twyford Station,50
Tottenham Court Road,West Drayton Station,25
Tottenham Court Road,West Ealing Station,17
Tottenham Court Road,Whitechapel Station,8
Tottenham Court Road,Woolwich Station,20
Twyford Station,Abbey Wood Station,75
Twyford Station,Acton Main Line Station,41
Twyford Station,Bond Street Station,48
Twyford Station,Brentwood Station,93
Twyford Station,Burnham Station,13
Twyford Station,Canary Wharf Station,62
Twyford Station,Chadwell Heath Station,79
Twyford Station,Custom House Station,66
Twyford Station,Ealing Broadway Station,36
Twyford Station,Farringdon Station,53
Twyford Station,Forest Gate Station,67
Twyford Station,Gidea Park,86
Twyford Station,Goodmayes Station,77
Twyford Station,Hanwell Station,33
Twyford Station,Harold Wood Station,89
Twyford Station,Hayes & Harlington Station,28
Twyford Station,Heathrow Central,33
Twyford Station,Heathrow T4,38
Twyford Station,Heathrow T5,41
Twyford Station,Ilford Station,72
Twyford Station,Iver Station,22
Twyford Station,Langley Station,19
Twyford Station,Liverpool Street Station,55
Twyford Station,Maidenhead Station,7
Twyford Station,Manor Park Station,70
Twyford Station,Maryland Station,65
Twyford Station,Paddington Station,45
Twyford Station,Reading Station,6
Twyford Station,Romford Station,83
Twyford Station,Seven Kings Station,75
Twyford Station,Shenfield Station,98
Twyford Station,Slough Station,16
Twyford Station,Southall Station,31
Twyford Station,Stratford Station,63
Twyford Station,Taplow Station,10
Twyford Station,Tottenham Court Road,50
Twyford Station,West Drayton Station,24
Twyford Station,West Ealing Station,35
Twyford Station,Whitechapel Station,58
Twyford Station,Woolwich Station,70
West Drayton Station,Abbey Wood Station,50
West Drayton Station,Acton Main Line Station,17
West Drayton Station,Bond Street Station,24
West Drayton Station,Brentwood Station,69
West Drayton Station,Burnham Station,10
West Drayton Station,Canary Wharf Station,38
West Drayton Station,Chadwell Heath Station,56
West Drayton Station,Custom House Station,42
West Drayton Station,Ealing Broadway Station,12
West Drayton Station,Farringdon Station,29
West Drayton Station,Forest Gate Station,44
West Drayton Station,Gidea Park,62
West Drayton Station,Goodmayes Station,54
West Drayton Station,Hanwell Station,9
West Drayton Station,Harold Wood Station,65
West Drayton Station,Hayes & Harlington Station,3
West Drayton Station,Heathrow Central,8
West Drayton Station,Heathrow T4,14
West Drayton Station,Heathrow T5,16
West Drayton Station,Ilford Station,49
West Drayton Station,Iver Station,2
West Drayton Station,Langley Station,3
West Drayton Station,Liverpool Street Station,31
West Drayton Station,Maidenhead Station,15
West Drayton Station,Manor Park Station,46
West Drayton Station,Maryland Station,42
West Drayton Station,Paddington Station,20
West Drayton Station,Reading Station,30
West Drayton Station,Romford Station,59
West Drayton Station,Seven Kings Station,52
West Drayton Station,Shenfield Station,74
West Drayton Station,Slough Station,6
West Drayton Station,Southall Station,6
West Drayton Station,Stratford Station,40
West Drayton Station,Taplow Station,14
West Drayton Station,Tottenham Court Road,25
West Drayton Station,Twyford Station,24
West Drayton Station,West Ealing Station,11
West Drayton Station,Whitechapel Station,34
West Drayton Station,Woolwich Station,46
West Ealing Station,Abbey Wood Station,42
West Ealing Station,Acton Main Line Station,6
West Ealing Station,Bond Street Station,15
West Ealing Station,Brentwood Station,61
West Ealing Station,Burnham Station,21
West Ealing Station,Canary Wharf Station,29
West Ealing Station,Chadwell Heath Station,47
West Ealing Station,Custom House Station,33
West Ealing Station,Ealing Broadway Station,2
West Ealing Station,Farringdon Station,20
West Ealing Station,Forest Gate Station,35
West Ealing Station,Gidea Park,54
West Ealing Station,Goodmayes Station,45
West Ealing Station,Hanwell Station,2
West Ealing Station,Harold Wood Station,57
West Ealing Station,Hayes & Harlington Station,8
West Ealing Station,Heathrow Central,13
West Ealing Station,Heathrow T4,18
West Ealing Station,Heathrow T5,21
West Ealing Station,Ilford Station,40
West Ealing Station,Iver Station,13
West Ealing Station,Langley Station,14
West Ealing Station,Liverpool Street Station,22
West Ealing Station,Maidenhead Station,26
West Ealing Station,Manor Park Station,38
West Ealing Station,Maryland Station,33
West Ealing Station,Paddington Station,12
West Ealing Station,Reading Station,41
West Ealing Station,Romford Station,51
West Ealing Station,Seven Kings Station,43
West Ealing Station,Shenfield Station,66
West Ealing Station,Slough Station,17
West Ealing Station,Southall Station,5
West Ealing Station,Stratford Station,31
West Ealing Station,Taplow Station,25
West Ealing Station,Tottenham Court Road,17
West Ealing Station,Twyford Station,35
West Ealing Station,West Drayton Station,11
West Ealing Station,Whitechapel Station,25
West Ealing Station,Woolwich Station,37
Whitechapel Station,Abbey Wood Station,16
Whitechapel Station,Acton Main Line Station,20
Whitechapel Station,Bond Street Station,10
Whitechapel Station,Brentwood Station,35
Whitechapel Station,Burnham Station,44
Whitechapel Station,Canary Wharf Station,3
Whitechapel Station,Chadwell Heath Station,21
Whitechapel Station,Custom House Station,7
Whitechapel Station,Ealing Broadway Station,21
Whitechapel Station,Farringdon Station,5
Whitechapel Station,Forest Gate Station,9
Whitechapel Station,Gidea Park,28
Whitechapel Station,Goodmayes Station,19
Whitechapel Station,Hanwell Station,27
Whitechapel Station,Harold Wood Station,31
Whitechapel Station,Hayes & Harlington Station,30
Whitechapel Station,Heathrow Central,36
Whitechapel Station,Heathrow T4,44
Whitechapel Station,Heathrow T5,44
Whitechapel Station,Ilford Station,14
Whitechapel Station,Iver Station,36
Whitechapel Station,Langley Station,37
Whitechapel Station,Liverpool Street Station,2
Whitechapel Station,Maidenhead Station,49
Whitechapel Station,Manor Park Station,12
Whitechapel Station,Maryland Station,7
Whitechapel Station,Paddington Station,13
Whitechapel Station,Reading Station,64
Whitechapel Station,Romford Station,25
Whitechapel Station,Seven Kings Station,17
Whitechapel Station,Shenfield Station,40
Whitechapel Station,Slough Station,40
Whitechapel Station,Southall Station,27
Whitechapel Station,Stratford Station,5
Whitechapel Station,Taplow Station,48
Whitechapel Station,Tottenham Court Road,7
Whitechapel Station,Twyford Station,58
Whitechapel Station,West Drayton Station,33
Whitechapel Station,West Ealing Station,25
Whitechapel Station,Woolwich Station,11
Woolwich Station,Abbey Wood Station,4
Woolwich Station,Acton Main Line Station,32
Woolwich Station,Bond Street Station,21
Woolwich Station,Brentwood Station,46
Woolwich Station,Burnham Station,57
Woolwich Station,Canary Wharf Station,7
Woolwich Station,Chadwell Heath Station,32
Woolwich Station,Custom House Station,4
Woolwich Station,Ealing Broadway Station,33
Woolwich Station,Farringdon Station,16
Woolwich Station,Forest Gate Station,20
Woolwich Station,Gidea Park,39
Woolwich Station,Goodmayes Station,30
Woolwich Station,Hanwell Station,39
Woolwich Station,Harold Wood Station,42
Woolwich Station,Hayes & Harlington Station,42
Woolwich Station,Heathrow Central,48
Woolwich Station,Heathrow T4,56
Woolwich Station,Heathrow T5,56
Woolwich Station,Ilford Station,25
Woolwich Station,Iver Station,48
Woolwich Station,Langley Station,50
Woolwich Station,Liverpool Street Station,14
Woolwich Station,Maidenhead Station,63
Woolwich Station,Manor Park Station,23
Woolwich Station,Maryland Station,18
Woolwich Station,Paddington Station,25
Woolwich Station,Reading Station,76
Woolwich Station,Romford Station,36
Woolwich Station,Seven Kings Station,28
Woolwich Station,Shenfield Station,51
Woolwich Station,Slough Station,53
Woolwich Station,Southall Station,39
Woolwich Station,Stratford Station,16
Woolwich Station,Taplow Station,60
Woolwich Station,Tottenham Court Road,19
Woolwich Station,Twyford Station,70
Woolwich Station,West Drayton Station,45
Woolwich Station,West Ealing Station,37
Woolwich Station,Whitechapel Station,11
